{
  "_class_name": "WFIVAE2Model",
  "_diffusers_version": "0.30.2",
  "latent_dim": 32,
  "base_channels": [
    192,
    384,
    768
  ],
  "decoder_base_channels": null,
  "encoder_num_resblocks": 2,
  "encoder_energy_flow_size": 128,
  "decoder_num_resblocks": 3,
  "decoder_energy_flow_size": 128,
  "dropout": 0.0,
  "norm_type": "layernorm",
  "mid_layers_type": [
    "ResnetBlock2D",
    "Attention2DFix",
    "ResnetBlock2D"
  ],
  "scale": [
    0.18215,
    0.18215,
    0.18215,
    0.18215,
    0.18215,
    0.18215,
    0.18215,
    0.18215,
    0.18215,
    0.18215,
    0.18215,
    0.18215,
    0.18215,
    0.18215,
    0.18215,
    0.18215,
    0.18215,
    0.18215,
    0.18215,
    0.18215,
    0.18215,
    0.18215,
    0.18215,
    0.18215,
    0.18215,
    0.18215,
    0.18215,
    0.18215,
    0.18215,
    0.18215,
    0.18215,
    0.18215
  ],
  "shift": [
    0.0,
    0.0,
    0.0,
    0.0,
    0.0,
    0.0,
    0.0,
    0.0,
    0.0,
    0.0,
    0.0,
    0.0,
    0.0,
    0.0,
    0.0,
    0.0,
    0.0,
    0.0,
    0.0,
    0.0,
    0.0,
    0.0,
    0.0,
    0.0,
    0.0,
    0.0,
    0.0,
    0.0,
    0.0,
    0.0,
    0.0,
    0.0
  ]
}
